XRef	mhdbID
mh01KK-205	MHDBL000007
mh01CP-016	MHDBL000009
mh01KK-117	MHDBL000013
mh10CP-003	MHDBL000019
mh10KK-170	MHDBL000020
mh10KK-101	MHDBL000027
mh11KK-180	MHDBL000030
mh11KK-037	MHDBL000036
mh11KK-191	MHDBL000038
mh12CP-008	MHDBL000048
mh12KK-202	MHDBL000051
mh12KK-046	MHDBL000055
mh13KK-213	MHDBL000056
mh13KK-223	MHDBL000063
mh14CP-003	MHDBL000066
mh14KK-048	MHDBL000068
mh15KK-069	MHDBL000072
mh15KK-104	MHDBL000080
mh16KK-255	MHDBL000085
mh17CP-001	MHDBL000092
mh17KK-052	MHDBL000095
mh17KK-055	MHDBL000103
mh18CP-005	MHDBL000105
mh18KK-293	MHDBL000108
mh19KK-299	MHDBL000111
mh19KK-057	MHDBL000113
mh02KK-138	MHDBL000115
mh02KK-136	MHDBL000129
mh20KK-307	MHDBL000131
mh20KK-058	MHDBL000132
mh21KK-315	MHDBL000135
mh22KK-060	MHDBL000142
mh22KK-061	MHDBL000145
mh03CP005	MHDBL000147
mh03KK-007	MHDBL000148
mh03KK-150	MHDBL000153
mh04KK-030	MHDBL000156
mh04KK-013	MHDBL000163
mh04KK-017	MHDBL000167
mh05KK-020	MHDBL000185
mh06CP-007	MHDBL000187
mh06KK-008	MHDBL000195
mh07CP-004	MHDBL000197
mh07KK-030	MHDBL000199
mh07KK-031	MHDBL000200
mh08KK-039	MHDBL000204
mh08KK-032	MHDBL000205
mh09KK-033	MHDBL000207
mh09KK-153	MHDBL000211
mh09KK-157	MHDBL000212
